abcis,abscis
absiss,absciss
acalmie,accalmie
acceu,accue
accompte,acompte
accummuler,accumuler
acrédit,accrédit
acroc,accroc
acroi,accroi
acroî,accroî
afai,affai
afili,affili
aggio,agio
aggios,agios
agrèer,agréer
aler,aller
allemagne,Allemagne
allieurs,ailleurs
aloc,alloc
ambigue,ambiguë
ambigüe,ambiguë
annnée,année
annull,annul
anonc,annonc
anotat,annotat
anote,annote
antologie,anthologie
anull,annul
apara,appara
apel,appel
apli,appli
apointement,appointement
apparait,apparaît
apparaitre,apparaître
appeller,appeler
apperc,aperc
applciation,application
apprét,apprêt
apren,appren
aprè s,après
aprèsc e,après ce
aprèsc es,après ces
aprèsc et,après cet
aprèsc ette,après cette
aprèsd es,après des
aprèsl a,après la
aprèsl e,après le
aprèsl es,après les
aprèsu n,après un
aprèsu ne,après une
apréc,appréc
aprés,après
aritm,arithm
arondi,arrondi
artiset,artiste
artisets,artistes
artisna,artisan
artisnas,artisans
arute,autre
asociation,association
asociations,associations
assoir,asseoir
asu,assu
atein,attein
atest,attest
atrapper,attraper
aujourd'hiu,aujourd'hui
aujourdhiu,aujourd'hui
ausi,aussi
aussitot,aussitôt
auten,authen
authorisation,autorisation
autorization,autorisation
autriche,Autriche
avan tce,avant ce
avan tces,avant ces
avan tcet,avant cet
avan tcette,avant cette
avan tdes,avant des
avan tla,avant la
avan tle,avant le
avan tles,avant les
avan tun,avant un
avan tune,avant une
avantc e,avant ce
avantc es,avant ces
avantc et,avant cet
avantc ette,avant cette
avantd es,avant des
avantl a,avant la
avantl e,avant le
avantl es,avant les
avantu n,avant un
avantu ne,avant une
ave cce,avec ce
ave cces,avec ces
ave ccet,avec cet
ave ccette,avec cette
ave cdes,avec des
ave cla,avec la
ave cle,avec le
ave cles,avec les
ave cun,avec un
ave cune,avec une
avecc e,avec ce
avecc es,avec ces
avecc et,avec cet
avecc ette,avec cette
avecd es,avec des
avecl a,avec la
avecl e,avec le
avecl es,avec les
avecu n,avec un
avecu ne,avec une
àc e,à ce
àc es,à ces
àc et,à cet
àc ette,à cette
àce,à ce
àces,à ces
àcet,à cet
àcette,à cette
àd es,à des
àdes,à des
àl a,à la
àl e,à le
àl es,à les
àla,à la
àle,à le
àles,à les
àu n,à un
àu ne,à une
àun,à un
àune,à une
bacalauréat,baccalauréat
baes,base
barage,barrage
baucoup,beaucoup
belgique,Belgique
bénélux,Bénélux
bibliotèque,bibliothèque
bientot,bientôt
boeuf,bœuf
boeufs,bœufs
bonnification,bonification
bonnifications,bonifications
boussolle,boussole
Brézil,Brésil
buletin,bulletin
canada,Canada
carefour,carrefour
ceal,cela
celà,cela
celulle,cellule
cetrain,certain
chaqun,chacun
charette,charrette
charriot,chariot
chateau,château
che zce,chez ce
che zces,chez ces
che zcet,chez cet
che zcette,chez cette
che zdes,chez des
che zla,chez la
che zle,chez le
che zles,chez les
che zun,chez un
che zune,chez une
chezc e,chez ce
chezc es,chez ces
chezc et,chez cet
chezc ette,chez cette
chezd es,chez des
chezl a,chez la
chezl e,chez le
chezl es,chez les
chezu n,chez un
chezu ne,chez une
chifr,chiffr
choeur,chœur
choeurs,chœurs
circonstantiel,circonstanciel
cleui,celui
clientéle,clientèle
cnet,cent
coeur,cœur
coeurs,cœurs
comer,commer
cometre,commettre
concesion,concession
concesions,concessions
conclus,conclu
concluse,conclue
concure,concurre
confidenciel,confidentiel
connait,connaît
connaitre,connaître
consone,consonne
contencieux,contentieux
contr ece,contre ce
contr eces,contre ces
contr ecet,contre cet
contr ecette,contre cette
contr edes,contre des
contr ela,contre la
contr ele,contre le
contr eles,contre les
contr eun,contre un
contr eune,contre une
contre-ordre,contrordre
contrec e,contre ce
contrec es,contre ces
contrec et,contre cet
contrec ette,contre cette
contred es,contre des
contrel a,contre la
contrel e,contre le
contrel es,contre les
contreu n,contre un
contreu ne,contre une
controle,contrôle
corection,correction
corections,corrections
couleru,couleur
courament,couramment
courrir,courir
creer,créer
crême,crème
curiculum,curriculum
c’est à dire,c’est-à-dire
d ece,de ce
d eces,de ces
d ecet,de cet
d ecette,de cette
d ela,de la
d ele,de le
d eles,de les
d eun,d'un
d eune,d'une
dan sce,dans ce
dan sces,dans ces
dan scet,dans cet
dan scette,dans cette
dan sdes,dans des
dan sla,dans la
dan sle,dans le
dan sles,dans les
dan sun,dans un
dan sune,dans une
dansc e,dans ce
dansc es,dans ces
dansc et,dans cet
dansc ette,dans cette
dansd es,dans des
dansl a,dans la
dansl e,dans le
dansl es,dans les
dansu n,dans un
dansu ne,dans une
dec e,de ce
dec es,de ces
dec et,de cet
dec ette,de cette
del a,de la
del e,de le
del es,de les
depui sce,depuis ce
depui sces,depuis ces
depui scet,depuis cet
depui scette,depuis cette
depui sdes,depuis des
depui sla,depuis la
depui sle,depuis le
depui sles,depuis les
depui sun,depuis un
depui sune,depuis une
depuisc e,depuis ce
depuisc es,depuis ces
depuisc et,depuis cet
depuisc ette,depuis cette
depuisd es,depuis des
depuisl a,depuis la
depuisl e,depuis le
depuisl es,depuis les
depuisu n,depuis un
depuisu ne,depuis une
derrièr ece,derrière ce
derrièr eces,derrière ces
derrièr ecet,derrière cet
derrièr ecette,derrière cette
derrièr edes,derrière des
derrièr ela,derrière la
derrièr ele,derrière le
derrièr eles,derrière les
derrièr eun,derrière un
derrièr eune,derrière une
derrièrec e,derrière ce
derrièrec es,derrière ces
derrièrec et,derrière cet
derrièrec ette,derrière cette
derrièred es,derrière des
derrièrel a,derrière la
derrièrel e,derrière le
derrièrel es,derrière les
derrièreu n,derrière un
derrièreu ne,derrière une
deu n,d'un
deu ne,d'une
devan tce,devant ce
devan tces,devant ces
devan tcet,devant cet
devan tcette,devant cette
devan tdes,devant des
devan tla,devant la
devan tle,devant le
devan tles,devant les
devan tun,devant un
devan tune,devant une
devantc e,devant ce
devantc es,devant ces
devantc et,devant cet
devantc ette,devant cette
devantd es,devant des
devantl a,devant la
devantl e,devant le
devantl es,devant les
devantu n,devant un
devantu ne,devant une
dexu,deux
dè sce,dès ce
dè sces,dès ces
dè scet,dès cet
dè scette,dès cette
dè sla,dès la
dè sle,dès le
dè sles,dès les
dè sun,dès un
dè sune,dès une
dèsc e,dès ce
dèsc es,dès ces
dèsc et,dès cet
dèsc ette,dès cette
dèsl a,dès la
dèsl e,dès le
dèsl es,dès les
dèsu n,dès un
dèsu ne,dès une
dégrévement,dégrèvement
déja,déjà
démarage,démarrage
démarer,démarrer
dépanage,dépannage
dépane,dépanne
dépot,dépôt
dévellop,dévelop
dévelope,développe
dictionaire,dictionnaire
dilemne,dilemme
dilemnes,dilemmes
diplome,diplôme
disparait,disparaît
disparaitre,disparaître
dnas,dans
dnot,dont
domage,dommage
dse,des
e nce,en ce
e nces,en ces
e ncet,en cet
e ncette,en cette
e ndes,en des
e nla,en la
e nle,en le
e nles,en les
e nun,en un
e nune,en une
eche,esche
eches,esches
echéan,échéan
efet,effet
els,les
embaras,embarras
emmission,émission
enc e,en ce
enc es,en ces
enc et,en cet
enc ette,en cette
end es,en des
endoma,endomma
enl a,en la
enl e,en le
enl es,en les
enrégistrer,enregistrer
entr ece,entre ce
entr eces,entre ces
entr ecet,entre cet
entr ecette,entre cette
entr edes,entre des
entr ela,entre la
entr ele,entre le
entr eles,entre les
entr eun,entre un
entr eune,entre une
entr'acte,entracte
entrec e,entre ce
entrec es,entre ces
entrec et,entre cet
entrec ette,entre cette
entred es,entre des
entrel a,entre la
entrel e,entre le
entrel es,entre les
entreu n,entre un
entreu ne,entre une
envelope,enveloppe
erronné,erroné
erronnés,erronés
espagne,Espagne
etats-Unis,États-Unis
ets,est
ex aequo,ex æquo
excele,excelle
exigeance,exigence
échap,échapp
égallement,également
états-unis,États-Unis
évennement,événement
évènement,événement
évidement,évidemment
falange,phalange
faloir,falloir
ficheir,fichier
ficheirs,fichiers
filialle,filiale
filliale,filiale
financiaire,financière
fios,fois
flêche,flèche
foet,fœt
fonctionaire,fonctionnaire
fonctione,fonctionne
francais,français
france,France
francofone,francophone
friday,Friday
fuire,fuir
gasomètre,gazomètre
gestionaire,gestionnaire
gèrer,gérer
goufre,gouffre
grande-bretagne,Grande-Bretagne
grifo,griffo
hatu,haut
hémoragie,hémorragie
hipocrisie,hypocrisie
hor sce,hors ce
hor sces,hors ces
hor scet,hors cet
hor scette,hors cette
hor sdes,hors des
hor sla,hors la
hor sle,hors le
hor sles,hors les
hor sun,hors un
hor sune,hors une
hors d’œuvre,hors-d’œuvre
horsc e,hors ce
horsc es,hors ces
horsc et,hors cet
horsc ette,hors cette
horsd es,hors des
horsl a,hors la
horsl e,hors le
horsl es,hors les
horsu n,hors un
horsu ne,hors une
icone,icône
imbécilité,imbécillité
impressionisme,impressionnisme
impressioniste,impressionniste
inclu,inclus
inclue,incluse
indémniser,indemniser
indépendent,indépendant
innitialiser,initialiser
innonder,inonder
inovation,innovation
intervale,intervalle
intéret,intérêt
intérresser,intéresser
irlande,Irlande
italie,Italie
jamias,jamais
jusqu'a,jusqu'à
jusquau,jusqu'au
jutse,juste
leru,leur
lse,les
luxembourg,Luxembourg
maisonette,maisonnette
maléable,malléable
manoeuvr,manœuvr
marronier,marronnier
mexique,Mexique
mème,même
Méditerannée,Méditerranée
mémotechnique,mnémotechnique
milion,million
millon,million
mio,moi
mions,moins
modéle,modèle
moeurs,mœurs
monday,Monday
mourrir,mourir
noeud,nœud
noeuds,nœuds
nosu,nous
nourir,nourrir
nouriture,nourriture
occupper,occuper
occurence,occurrence
occurences,occurrences
ocuper,occuper
ocurrence,occurrence
ocurrences,occurrences
oecuménique,œcuménique
oecuméniques,œcuméniques
oecuménisme,œcuménisme
oedème,œdème
Oedipe,Œdipe
oeil,œil
oeillade,œillade
oeillades,œillades
oeillet,œillet
oeilleton,œilleton
oeilletons,œilletons
oeillets,œillets
oeillère,œillère
oeillères,œillères
oeils,œils
oenologie,œnologie
oenologique,œnologique
oenologiques,œnologiques
oenologue,œnologue
oenologues,œnologues
oesophage,œsophage
oesophages,œsophages
oestrogène,œstrogène
oeuf,œuf
oeufs,œufs
oeuil,oeil
oeuvr,œuvr
ofici,offici
ofre,offre
ofres,offres
outr ece,outre ce
outr eces,outre ces
outr ecet,outre cet
outr ecette,outre cette
outr edes,outre des
outr ela,outre la
outr ele,outre le
outr eles,outre les
outr eun,outre un
outr eune,outre une
outrec e,outre ce
outrec es,outre ces
outrec et,outre cet
outrec ette,outre cette
outred es,outre des
outrel a,outre la
outrel e,outre le
outrel es,outre les
outreu n,outre un
outreu ne,outre une
pa rces,par ces
pa rcet,par cet
pa rcette,par cette
pa rdes,par des
pa run,par un
pa rune,par une
paque,pâque
parafine,paraffine
parait,paraît
paraitre,paraître
paralèlle,parallèle
paralèlles,parallèles
paranoyaque,paranoïaque
parc es,par ces
parc et,par cet
parc ette,par cette
parceque,parce que
pard es,par des
parm ice,parmi ce
parm ices,parmi ces
parm icet,parmi cet
parm icette,parmi cette
parm ides,parmi des
parm ila,parmi la
parm ile,parmi le
parm iles,parmi les
parm iun,parmi un
parm iune,parmi une
parmic e,parmi ce
parmic es,parmi ces
parmic et,parmi cet
parmic ette,parmi cette
parmid es,parmi des
parmil a,parmi la
parmil e,parmi le
parmil es,parmi les
parmiu n,parmi un
parmiu ne,parmi une
paru n,par un
peid,pied
pendan tce,pendant ce
pendan tces,pendant ces
pendan tcet,pendant cet
pendan tcette,pendant cette
pendan tdes,pendant des
pendan tla,pendant la
pendan tle,pendant le
pendan tles,pendant les
pendan tun,pendant un
pendan tune,pendant une
pendantc e,pendant ce
pendantc es,pendant ces
pendantc et,pendant cet
pendantc ette,pendant cette
pendantd es,pendant des
pendantl a,pendant la
pendantl e,pendant le
pendantl es,pendant les
pendantu n,pendant un
pendantu ne,pendant une
personalité,personnalité
personel,personnel
pélerin,pèlerin
pélerinage,pèlerinage
pélerine,pèlerine
périférique,périphérique
périfériques,périphériques
plein-pied,plain-pied
portugal,Portugal
pou rce,pour ce
pou rces,pour ces
pou rcet,pour cet
pou rcette,pour cette
pou rdes,pour des
pou rla,pour la
pou rle,pour le
pou rles,pour les
pou run,pour un
pou rune,pour une
pourc e,pour ce
pourc es,pour ces
pourc et,pour cet
pourc ette,pour cette
pourd es,pour des
pourl a,pour la
pourl e,pour le
pourl es,pour les
pouru n,pour un
pouru ne,pour une
pouvior,pouvoir
pret,prêt
prè sdes,près des
prèsd es,près des
problemme,problème
problemmes,problèmes
proffesseur,professeur
proffessionel,professionnel
proffessionelle,professionnelle
proffessionelles,professionnelles
proffessionels,professionnels
proffessionnel,professionnel
proffessionnelle,professionnelle
proffessionnelles,professionnelles
proffessionnels,professionnels
programe,programme
programer,programmer
programes,programmes
quelqun,quelqu'un
questionaire,questionnaire
quio,quoi
quitance,quittance
quitances,quittances
racourci,raccourci
raffinner,raffiner
raffoller,raffoler
rancoeur,rancœur
rapel,rappel
rapelle,rappelle
rapeller,rappeler
rapels,rappels
recepissé,récépissé
receuil,recueil
recomandé,recommandé
recomandée,recommandée
reconnait,reconnaît
reconnaitre,reconnaître
reférence,référence
reférences,références
remèdier,remédier
resembler,ressembler
resentir,ressentir
resortir,ressortir
règlementation,réglementation
règler,régler
réference,référence
réferences,références
réfèrence,référence
réfèrences,références
réflection,réflexion
réglement,règlement
réhausser,rehausser
réouvrir,rouvrir
rhythm,rythm
rhytme,rythme
rhytmes,rythmes
rintroduire,réintroduire
royaume-uni,Royaume-Uni
san sce,sans ce
san sces,sans ces
san scet,sans cet
san scette,sans cette
san sdes,sans des
san sla,sans la
san sle,sans le
san sles,sans les
san sun,sans un
san sune,sans une
sansc e,sans ce
sansc es,sans ces
sansc et,sans cet
sansc ette,sans cette
sansd es,sans des
sansl a,sans la
sansl e,sans le
sansl es,sans les
sansu n,sans un
sansu ne,sans une
saturday,Saturday
sau fce,sauf ce
sau fces,sauf ces
sau fcet,sauf cet
sau fcette,sauf cette
sau fdes,sauf des
sau fla,sauf la
sau fle,sauf le
sau fles,sauf les
sau fun,sauf un
sau fune,sauf une
saufc e,sauf ce
saufc es,sauf ces
saufc et,sauf cet
saufc ette,sauf cette
saufd es,sauf des
saufl a,sauf la
saufl e,sauf le
saufl es,sauf les
saufu n,sauf un
saufu ne,sauf une
selo nce,selon ce
selo nces,selon ces
selo ncet,selon cet
selo ncette,selon cette
selo ndes,selon des
selo nla,selon la
selo nle,selon le
selo nles,selon les
selo nun,selon un
selo nune,selon une
selonc e,selon ce
selonc es,selon ces
selonc et,selon cet
selonc ette,selon cette
selond es,selon des
selonl a,selon la
selonl e,selon le
selonl es,selon les
selonu n,selon un
selonu ne,selon une
sicèle,siècle
socièté,société
soeur,sœur
soeurs,sœurs
sou sce,sous ce
sou sces,sous ces
sou scet,sous cet
sou scette,sous cette
sou sdes,sous des
sou sla,sous la
sou sle,sous le
sou sles,sous les
sou sun,sous un
sou sune,sous une
soummettre,soumettre
sousc e,sous ce
sousc es,sous ces
sousc et,sous cet
sousc ette,sous cette
sousd es,sous des
sousl a,sous la
sousl e,sous le
sousl es,sous les
sousu n,sous un
sousu ne,sous une
soutraitant,sous-traitant
su rce,sur ce
su rces,sur ces
su rcet,sur cet
su rcette,sur cette
su rdes,sur des
su rla,sur la
su rle,sur le
su rles,sur les
su run,sur un
su rune,sur une
sucursale,succursale
sucursales,succursales
sunday,Sunday
suport,support
surc e,sur ce
surc es,sur ces
surc et,sur cet
surc ette,sur cette
surd es,sur des
surl a,sur la
surl e,sur le
surl es,sur les
suru n,sur un
suru ne,sur une
symmétri,symétri
synonim,synonym
tepms,temps
thursday,Thursday
timpan,tympan
toujorus,toujours
trés,très
tricotter,tricoter
trotoir,trottoir
tuesday,Tuesday
valeru,valeur
ver sce,vers ce
ver sces,vers ces
ver scet,vers cet
ver scette,vers cette
ver sdes,vers des
ver sla,vers la
ver sle,vers le
ver sles,vers les
ver sun,vers un
ver sune,vers une
versc e,vers ce
versc es,vers ces
versc et,vers cet
versc ette,vers cette
versd es,vers des
versl a,vers la
versl e,vers le
versl es,vers les
versu n,vers un
versu ne,vers une
veulliez,veuillez
vérouiller,verrouiller
voeu,vœu
voeux,vœux
voila,voilà
volontier,volontiers
vosu,vous
voulior,vouloir
wednesday,Wednesday
